date,fever_count,cough_count,sore_throat_count,shortness_of_breath_count,population_density,ili_cases_confirmed
2020-01-01,67,80,46,24,500,89
2020-01-02,66,91,47,20,500,94
2020-01-03,55,100,54,19,500,91
2020-01-04,60,67,37,17,500,84
2020-01-05,68,75,49,15,500,61
2020-01-06,63,69,52,21,500,85
2020-01-07,66,56,44,21,500,90
2020-01-08,63,82,47,18,500,81
2020-01-09,68,83,50,18,500,88
2020-01-10,58,88,51,21,500,96
2020-01-11,67,77,56,20,500,89
2020-01-12,58,68,55,18,500,94
2020-01-13,67,80,54,16,500,82
2020-01-14,68,92,52,20,500,101
2020-01-15,76,75,60,22,500,87
2020-01-16,67,78,53,19,500,110
2020-01-17,68,86,44,24,500,92
2020-01-18,57,86,47,20,500,109
2020-01-19,77,89,42,23,500,84
2020-01-20,61,83,48,22,500,102
2020-01-21,67,81,48,18,500,106
2020-01-22,71,101,61,22,500,97
2020-01-23,59,87,51,22,500,97
2020-01-24,73,89,48,21,500,101
2020-01-25,71,101,55,20,500,91
2020-01-26,63,83,51,21,500,98
2020-01-27,63,90,57,19,500,96
2020-01-28,74,87,63,22,500,115
2020-01-29,69,87,53,25,500,105
2020-01-30,73,98,57,25,500,104
2020-01-31,73,94,59,20,500,100
2020-02-01,74,76,63,25,500,120
2020-02-02,75,103,56,21,500,102
2020-02-03,73,93,53,21,500,117
2020-02-04,68,95,57,21,500,112
2020-02-05,80,91,56,21,500,98
2020-02-06,68,86,56,27,500,103
2020-02-07,79,101,62,21,500,96
2020-02-08,74,106,68,23,500,103
2020-02-09,73,101,69,22,500,105
2020-02-10,76,96,57,24,500,119
2020-02-11,74,88,58,20,500,126
2020-02-12,78,112,58,21,500,129
2020-02-13,80,88,63,24,500,118
2020-02-14,74,99,57,19,500,131
2020-02-15,82,105,67,27,500,128
2020-02-16,76,97,65,27,500,134
2020-02-17,76,124,61,23,500,140
2020-02-18,81,95,59,26,500,138
2020-02-19,70,101,61,19,500,126
2020-02-20,80,97,64,20,500,114
2020-02-21,75,102,68,26,500,136
2020-02-22,75,96,63,25,500,128
2020-02-23,90,92,62,19,500,124
2020-02-24,82,102,70,22,500,121
2020-02-25,71,111,75,26,500,114
2020-02-26,91,115,62,27,500,120
2020-02-27,86,98,70,25,500,110
2020-02-28,95,104,63,21,500,133
2020-02-29,78,102,64,24,500,143
2020-03-01,81,121,64,26,500,140
2020-03-02,98,109,68,30,500,127
2020-03-03,80,109,63,29,500,128
2020-03-04,88,109,70,25,500,127
2020-03-05,92,109,73,24,500,138
2020-03-06,91,117,68,24,500,125
2020-03-07,86,112,72,25,500,146
2020-03-08,93,112,70,26,500,127
2020-03-09,86,118,73,26,500,140
2020-03-10,91,126,68,26,500,124
2020-03-11,93,105,77,25,500,119
2020-03-12,88,131,71,28,500,138
2020-03-13,86,123,72,24,500,129
2020-03-14,85,114,70,27,500,139
2020-03-15,90,118,67,23,500,130
2020-03-16,85,103,72,28,500,128
2020-03-17,91,97,65,24,500,142
2020-03-18,85,123,71,26,500,130
2020-03-19,94,104,73,28,500,148
2020-03-20,86,103,73,23,500,141
2020-03-21,90,114,74,28,500,145
2020-03-22,86,121,70,25,500,128
2020-03-23,88,115,75,23,500,144
2020-03-24,89,108,73,26,500,123
2020-03-25,90,118,71,27,500,142
2020-03-26,90,119,69,27,500,125
2020-03-27,96,137,82,27,500,130
2020-03-28,95,113,76,25,500,150
2020-03-29,91,140,77,29,500,144
2020-03-30,99,115,76,27,500,159
2020-03-31,96,119,82,29,500,133
2020-04-01,104,112,75,30,500,130
2020-04-02,97,114,76,29,500,136
2020-04-03,96,108,74,25,500,137
2020-04-04,89,137,77,28,500,149
2020-04-05,91,122,77,31,500,150
2020-04-06,102,134,78,27,500,154
2020-04-07,95,120,75,26,500,144
2020-04-08,94,119,73,31,500,153
2020-04-09,98,121,79,28,500,159
2020-04-10,90,127,78,27,500,144
2020-04-11,95,114,75,24,500,146
2020-04-12,103,115,77,31,500,131
2020-04-13,89,145,75,26,500,136
2020-04-14,89,127,72,31,500,151
2020-04-15,94,133,82,27,500,144
2020-04-16,92,125,76,28,500,121
2020-04-17,86,119,79,29,500,150
2020-04-18,96,118,77,29,500,143
2020-04-19,90,130,78,29,500,153
2020-04-20,97,113,81,27,500,146
2020-04-21,103,122,73,31,500,114
2020-04-22,89,138,81,32,500,153
2020-04-23,97,132,79,30,500,151
2020-04-24,108,143,83,26,500,157
2020-04-25,98,123,83,27,500,142
2020-04-26,99,132,79,29,500,147
2020-04-27,98,136,82,31,500,153
2020-04-28,101,123,75,27,500,151
2020-04-29,92,131,81,27,500,129
2020-04-30,90,127,73,31,500,154
2020-05-01,99,136,78,28,500,149
2020-05-02,103,129,80,30,500,148
2020-05-03,107,131,79,30,500,138
2020-05-04,101,132,81,28,500,160
2020-05-05,96,126,76,30,500,153
2020-05-06,99,123,80,32,500,145
2020-05-07,101,139,79,28,500,148
2020-05-08,92,130,85,26,500,155
2020-05-09,111,119,78,27,500,152
2020-05-10,95,127,74,31,500,152
2020-05-11,93,129,85,28,500,140
2020-05-12,97,133,89,31,500,140
2020-05-13,101,138,80,28,500,145
2020-05-14,93,130,79,28,500,138
2020-05-15,97,136,77,33,500,144
2020-05-16,98,136,77,28,500,155
2020-05-17,102,124,80,31,500,146
2020-05-18,99,134,81,32,500,153
2020-05-19,107,135,81,32,500,174
2020-05-20,104,133,75,28,500,132
2020-05-21,102,111,81,27,500,160
2020-05-22,97,137,81,31,500,148
2020-05-23,111,131,78,29,500,169
2020-05-24,95,142,78,34,500,145
2020-05-25,107,139,82,30,500,146
2020-05-26,102,134,81,33,500,150
2020-05-27,99,129,79,28,500,144
2020-05-28,97,114,77,30,500,145
2020-05-29,103,122,82,29,500,168
2020-05-30,101,129,80,32,500,164
2020-05-31,93,117,92,29,500,145
2020-06-01,94,135,82,30,500,171
2020-06-02,104,137,81,31,500,148
2020-06-03,103,134,87,31,500,157
2020-06-04,107,129,84,31,500,138
2020-06-05,91,119,79,31,500,155
2020-06-06,114,117,80,32,500,145
2020-06-07,106,126,81,31,500,157
2020-06-08,108,129,83,28,500,162
2020-06-09,103,125,88,29,500,145
2020-06-10,92,129,80,27,500,148
2020-06-11,98,118,82,28,500,143
2020-06-12,98,108,82,26,500,150
2020-06-13,92,121,75,32,500,147
2020-06-14,99,130,79,31,500,165
2020-06-15,93,129,75,28,500,139
2020-06-16,96,138,79,28,500,161
2020-06-17,96,121,79,32,500,142
2020-06-18,99,137,82,30,500,152
2020-06-19,101,127,86,28,500,167
2020-06-20,105,112,79,25,500,126
2020-06-21,101,130,84,26,500,136
2020-06-22,97,134,85,27,500,132
2020-06-23,111,127,76,27,500,133
2020-06-24,94,120,79,30,500,132
2020-06-25,101,131,80,28,500,147
2020-06-26,91,140,79,29,500,136
2020-06-27,88,121,82,29,500,145
2020-06-28,89,125,82,29,500,149
2020-06-29,99,130,76,29,500,138
2020-06-30,97,141,73,29,500,125
2020-07-01,101,121,76,27,500,149
2020-07-02,101,125,76,24,500,145
2020-07-03,93,124,78,29,500,143
2020-07-04,100,128,79,26,500,141
2020-07-05,91,127,79,27,500,144
2020-07-06,95,120,82,26,500,157
2020-07-07,95,120,75,32,500,162
2020-07-08,90,115,75,28,500,134
2020-07-09,92,127,75,28,500,129
2020-07-10,91,115,71,27,500,131
2020-07-11,90,127,71,30,500,163
2020-07-12,94,119,74,29,500,148
2020-07-13,95,118,66,31,500,145
2020-07-14,99,118,82,26,500,130
2020-07-15,98,118,69,26,500,140
2020-07-16,93,130,69,27,500,132
2020-07-17,102,119,68,28,500,150
2020-07-18,88,126,65,27,500,137
2020-07-19,99,108,82,30,500,145
2020-07-20,99,128,73,25,500,152
2020-07-21,95,124,71,27,500,139
2020-07-22,98,124,72,27,500,140
2020-07-23,80,103,75,25,500,156
2020-07-24,92,122,70,27,500,137
2020-07-25,97,120,69,27,500,139
2020-07-26,94,109,75,28,500,125
2020-07-27,83,113,74,25,500,119
2020-07-28,93,123,66,27,500,147
2020-07-29,86,119,72,26,500,125
2020-07-30,95,117,79,27,500,139
2020-07-31,87,128,75,28,500,137
2020-08-01,91,114,77,27,500,133
2020-08-02,86,109,74,29,500,119
2020-08-03,86,109,69,27,500,147
2020-08-04,92,104,67,23,500,123
2020-08-05,88,118,72,25,500,130
2020-08-06,88,115,75,22,500,131
2020-08-07,90,111,64,24,500,123
2020-08-08,92,110,72,25,500,128
2020-08-09,94,113,72,23,500,141
2020-08-10,88,120,70,25,500,136
2020-08-11,83,116,73,26,500,137
2020-08-12,82,107,64,23,500,121
2020-08-13,82,106,74,25,500,114
2020-08-14,83,112,69,27,500,148
2020-08-15,86,105,70,25,500,120
2020-08-16,79,111,68,25,500,139
2020-08-17,76,104,65,27,500,115
2020-08-18,84,90,67,21,500,127
2020-08-19,99,106,66,22,500,135
2020-08-20,86,104,66,21,500,137
2020-08-21,86,100,63,24,500,133
2020-08-22,82,95,73,24,500,109
2020-08-23,80,105,63,26,500,123
2020-08-24,80,103,69,23,500,102
2020-08-25,83,115,71,23,500,125
2020-08-26,79,102,67,25,500,131
2020-08-27,87,97,70,26,500,124
2020-08-28,76,82,68,20,500,116
2020-08-29,77,97,64,23,500,84
2020-08-30,76,114,62,22,500,124
2020-08-31,73,96,56,19,500,115
2020-09-01,79,105,52,22,500,115
2020-09-02,82,101,60,24,500,111
2020-09-03,88,107,57,26,500,117
2020-09-04,79,94,65,18,500,132
2020-09-05,70,103,61,26,500,124
2020-09-06,75,86,60,23,500,110
2020-09-07,71,88,64,22,500,110
2020-09-08,76,91,55,22,500,117
2020-09-09,85,106,58,23,500,108
2020-09-10,79,95,56,20,500,113
2020-09-11,63,90,58,22,500,109
2020-09-12,72,97,54,22,500,96
2020-09-13,68,92,56,23,500,95
2020-09-14,73,109,50,20,500,107
2020-09-15,68,84,63,24,500,123
2020-09-16,75,90,58,20,500,95
2020-09-17,67,107,53,24,500,115
2020-09-18,61,102,57,21,500,91
2020-09-19,75,98,57,22,500,99
2020-09-20,67,102,54,24,500,120
2020-09-21,74,71,54,21,500,119
2020-09-22,74,80,50,19,500,115
2020-09-23,59,81,51,21,500,115
2020-09-24,72,87,54,17,500,101
2020-09-25,70,85,47,23,500,93
2020-09-26,66,87,55,16,500,118
2020-09-27,67,86,53,20,500,108
2020-09-28,72,86,56,19,500,109
2020-09-29,76,75,53,21,500,117
2020-09-30,62,79,50,22,500,82
2020-10-01,65,91,51,19,500,117
2020-10-02,68,88,53,19,500,88
2020-10-03,57,92,48,24,500,101
2020-10-04,51,86,46,20,500,90
2020-10-05,56,73,45,20,500,122
2020-10-06,63,69,54,19,500,93
2020-10-07,63,97,55,16,500,95
2020-10-08,63,85,51,21,500,94
2020-10-09,50,90,50,21,500,75
2020-10-10,65,73,46,17,500,110
2020-10-11,59,71,52,17,500,97
2020-10-12,63,86,43,19,500,89
2020-10-13,65,77,55,17,500,94
2020-10-14,66,80,48,19,500,90
2020-10-15,61,81,45,17,500,82
2020-10-16,50,73,52,14,500,95
2020-10-17,64,74,46,17,500,92
2020-10-18,56,80,50,19,500,90
2020-10-19,61,89,50,16,500,85
2020-10-20,57,61,44,14,500,77
2020-10-21,53,73,42,17,500,79
2020-10-22,52,74,48,18,500,77
2020-10-23,63,70,43,16,500,84
2020-10-24,54,68,47,20,500,94
2020-10-25,61,68,45,18,500,77
2020-10-26,62,71,39,16,500,86
2020-10-27,60,70,39,16,500,71
2020-10-28,54,69,34,15,500,88
2020-10-29,59,57,41,13,500,96
2020-10-30,49,81,46,15,500,66
2020-10-31,58,61,43,15,500,84
2020-11-01,62,60,37,16,500,92
2020-11-02,57,63,47,17,500,60
2020-11-03,53,52,46,16,500,76
2020-11-04,53,58,45,13,500,63
2020-11-05,60,74,42,14,500,93
2020-11-06,47,68,40,11,500,71
2020-11-07,51,60,34,16,500,82
2020-11-08,50,62,46,12,500,77
2020-11-09,53,60,33,15,500,76
2020-11-10,56,54,37,16,500,73
2020-11-11,53,61,45,17,500,73
2020-11-12,50,60,44,13,500,75
2020-11-13,49,60,34,15,500,63
2020-11-14,47,51,39,16,500,61
2020-11-15,43,43,33,12,500,75
2020-11-16,54,49,45,16,500,77
2020-11-17,46,65,39,15,500,55
2020-11-18,47,56,35,15,500,66
2020-11-19,52,56,31,13,500,71
2020-11-20,36,52,41,11,500,62
2020-11-21,38,72,35,12,500,67
2020-11-22,45,62,40,11,500,54
2020-11-23,37,62,28,14,500,45
2020-11-24,44,50,30,14,500,53
2020-11-25,40,64,39,12,500,52
2020-11-26,42,41,31,14,500,78
2020-11-27,38,58,34,12,500,64
2020-11-28,43,50,36,11,500,77
2020-11-29,42,60,32,9,500,68
2020-11-30,42,47,36,15,500,52
2020-12-01,37,59,28,13,500,52
2020-12-02,46,48,25,13,500,53
2020-12-03,35,52,37,8,500,50
2020-12-04,35,54,29,15,500,41
2020-12-05,44,53,31,10,500,46
2020-12-06,37,36,33,9,500,53
2020-12-07,35,46,30,11,500,62
2020-12-08,35,65,31,11,500,66
2020-12-09,38,46,32,10,500,61
2020-12-10,35,41,31,11,500,27
2020-12-11,38,41,28,8,500,61
2020-12-12,31,41,27,8,500,62
2020-12-13,31,47,30,10,500,37
2020-12-14,29,41,29,11,500,53
2020-12-15,36,43,39,10,500,63
2020-12-16,33,45,20,10,500,55
2020-12-17,34,31,26,12,500,49
2020-12-18,35,39,33,9,500,39
2020-12-19,34,30,26,10,500,37
2020-12-20,38,45,29,7,500,43
2020-12-21,45,50,27,6,500,63
2020-12-22,36,53,32,6,500,28
2020-12-23,35,37,25,9,500,40
2020-12-24,31,40,24,10,500,51
2020-12-25,26,38,25,9,500,49
2020-12-26,25,29,24,10,500,53
2020-12-27,21,42,26,12,500,59
2020-12-28,23,37,24,8,500,32
2020-12-29,48,22,25,12,500,43
2020-12-30,24,47,19,4,500,51
2020-12-31,36,38,18,10,500,32
2021-01-01,28,23,21,11,500,36
2021-01-02,26,37,17,8,500,48
2021-01-03,22,35,26,10,500,50
2021-01-04,28,29,24,12,500,48
2021-01-05,27,32,22,7,500,50
2021-01-06,32,39,20,7,500,29
2021-01-07,21,47,17,7,500,41
2021-01-08,31,47,26,9,500,49
2021-01-09,23,34,27,9,500,52
2021-01-10,25,37,25,8,500,32
2021-01-11,24,36,19,10,500,53
2021-01-12,30,29,20,7,500,37
2021-01-13,29,40,8,7,500,40
2021-01-14,27,26,16,10,500,51
2021-01-15,18,14,26,4,500,42
2021-01-16,25,28,19,9,500,34
2021-01-17,27,44,27,4,500,45
2021-01-18,25,32,20,8,500,22
2021-01-19,30,30,15,8,500,16
2021-01-20,28,16,16,6,500,39
2021-01-21,24,31,24,5,500,35
2021-01-22,28,35,28,2,500,33
2021-01-23,25,32,25,6,500,14
2021-01-24,31,33,23,6,500,56
2021-01-25,14,44,8,5,500,47
2021-01-26,20,29,16,7,500,41
2021-01-27,25,19,17,9,500,28
2021-01-28,31,24,19,6,500,37
2021-01-29,16,30,17,7,500,13
2021-01-30,22,22,14,7,500,52
2021-01-31,14,30,20,7,500,31
2021-02-01,19,20,20,8,500,39
2021-02-02,25,14,20,6,500,22
2021-02-03,11,33,21,8,500,31
2021-02-04,21,27,14,7,500,43
2021-02-05,28,38,16,9,500,45
2021-02-06,22,20,18,5,500,24
2021-02-07,23,36,20,7,500,35
2021-02-08,23,27,16,6,500,20
2021-02-09,22,33,21,8,500,29
2021-02-10,22,27,12,5,500,24
2021-02-11,14,19,19,4,500,27
2021-02-12,18,24,15,9,500,21
2021-02-13,16,41,20,5,500,27
2021-02-14,18,34,20,6,500,41
2021-02-15,20,22,18,9,500,29
2021-02-16,18,9,14,3,500,34
2021-02-17,26,22,16,4,500,25
2021-02-18,22,27,16,8,500,36
2021-02-19,14,25,15,10,500,36
2021-02-20,25,16,14,5,500,19
2021-02-21,21,16,17,2,500,24
2021-02-22,24,32,16,9,500,22
2021-02-23,29,8,17,4,500,25
2021-02-24,13,20,17,6,500,35
2021-02-25,29,8,22,3,500,30
2021-02-26,13,32,20,5,500,42
2021-02-27,16,30,14,8,500,24
2021-02-28,21,36,24,5,500,44
2021-03-01,19,25,8,9,500,20
2021-03-02,20,15,17,2,500,17
2021-03-03,28,26,13,6,500,19
2021-03-04,24,25,21,3,500,25
2021-03-05,20,32,12,1,500,34
2021-03-06,21,29,14,7,500,35
2021-03-07,16,38,26,4,500,46
2021-03-08,32,33,8,7,500,39
2021-03-09,14,20,13,6,500,35
2021-03-10,25,35,14,5,500,30
2021-03-11,18,8,14,5,500,42
2021-03-12,20,26,10,6,500,23
2021-03-13,15,35,17,5,500,23
2021-03-14,13,13,16,5,500,13
2021-03-15,24,24,17,9,500,21
2021-03-16,18,22,12,4,500,24
2021-03-17,15,34,22,8,500,37
2021-03-18,16,29,17,6,500,58
2021-03-19,24,20,21,5,500,36
2021-03-20,24,21,17,6,500,36
2021-03-21,14,24,22,3,500,37
2021-03-22,15,28,10,8,500,29
2021-03-23,20,30,17,8,500,34
2021-03-24,18,25,16,6,500,51
2021-03-25,26,48,15,5,500,28
2021-03-26,17,22,14,5,500,31
2021-03-27,12,38,22,4,500,29
2021-03-28,18,53,13,2,500,24
2021-03-29,26,27,17,7,500,27
2021-03-30,22,25,14,2,500,33
2021-03-31,27,23,20,4,500,26
2021-04-01,28,36,25,1,500,46
2021-04-02,16,20,20,4,500,35
2021-04-03,22,24,12,6,500,49
2021-04-04,24,24,16,4,500,25
2021-04-05,14,42,12,9,500,40
2021-04-06,22,32,9,5,500,48
2021-04-07,22,40,15,7,500,43
2021-04-08,28,38,6,4,500,13
2021-04-09,31,27,22,3,500,50
2021-04-10,26,36,18,11,500,39
2021-04-11,17,22,21,3,500,35
2021-04-12,18,34,22,4,500,46
2021-04-13,28,46,19,6,500,21
2021-04-14,12,38,18,5,500,47
2021-04-15,22,30,23,4,500,33
2021-04-16,25,35,14,11,500,36
2021-04-17,26,22,13,3,500,35
2021-04-18,20,18,14,5,500,41
2021-04-19,26,25,14,7,500,34
2021-04-20,20,27,20,8,500,28
2021-04-21,23,25,14,7,500,39
2021-04-22,25,37,26,6,500,16
2021-04-23,22,36,20,8,500,37
2021-04-24,23,27,23,10,500,23
2021-04-25,30,31,21,7,500,42
2021-04-26,28,43,26,9,500,18
2021-04-27,33,30,22,9,500,31
2021-04-28,24,24,17,8,500,29
2021-04-29,38,25,24,5,500,56
2021-04-30,20,23,13,5,500,40
2021-05-01,26,34,25,8,500,24
2021-05-02,23,35,23,10,500,39
2021-05-03,20,30,21,8,500,53
2021-05-04,36,32,25,9,500,43
2021-05-05,31,36,22,5,500,24
2021-05-06,27,38,16,6,500,25
2021-05-07,29,46,17,7,500,42
2021-05-08,24,43,31,12,500,45
2021-05-09,36,39,20,7,500,40
2021-05-10,29,18,23,8,500,31
2021-05-11,25,26,18,9,500,54
2021-05-12,32,32,19,10,500,44
2021-05-13,24,45,19,9,500,55
2021-05-14,23,42,30,12,500,52
2021-05-15,33,48,12,9,500,41
2021-05-16,36,25,24,10,500,55
2021-05-17,37,42,24,8,500,34
2021-05-18,26,43,25,9,500,40
2021-05-19,28,35,28,11,500,50
2021-05-20,28,48,27,9,500,35
2021-05-21,30,41,26,9,500,47
2021-05-22,31,52,27,6,500,44
2021-05-23,37,36,19,12,500,66
2021-05-24,33,48,31,10,500,51
2021-05-25,39,45,26,12,500,52
2021-05-26,41,49,27,8,500,59
2021-05-27,31,53,28,13,500,60
2021-05-28,37,58,31,10,500,66
2021-05-29,40,44,24,13,500,56
2021-05-30,28,39,28,17,500,61
2021-05-31,29,67,25,11,500,55
2021-06-01,34,58,19,12,500,51
2021-06-02,37,54,33,9,500,59
2021-06-03,35,61,29,14,500,54
2021-06-04,33,52,33,11,500,71
2021-06-05,42,48,36,10,500,60
2021-06-06,34,45,30,14,500,43
2021-06-07,41,45,25,16,500,63
2021-06-08,46,49,31,11,500,40
2021-06-09,42,52,31,14,500,49
2021-06-10,36,57,34,12,500,58
2021-06-11,37,66,33,10,500,59
2021-06-12,41,58,30,13,500,74
2021-06-13,39,54,34,11,500,59
2021-06-14,48,66,37,10,500,47
2021-06-15,34,57,35,9,500,59
2021-06-16,50,73,33,11,500,66
2021-06-17,43,53,38,10,500,64
2021-06-18,37,54,38,11,500,75
2021-06-19,42,58,36,11,500,68
2021-06-20,35,65,33,14,500,58
2021-06-21,39,45,29,11,500,58
2021-06-22,42,75,30,14,500,63
2021-06-23,42,64,30,13,500,59
2021-06-24,41,65,37,12,500,69
2021-06-25,52,65,32,12,500,85
2021-06-26,43,65,36,15,500,75
2021-06-27,46,50,36,15,500,64
2021-06-28,52,41,40,13,500,71
2021-06-29,42,70,36,13,500,53
2021-06-30,54,75,40,13,500,73
2021-07-01,43,73,32,12,500,92
2021-07-02,52,80,38,17,500,80
2021-07-03,53,59,39,13,500,76
2021-07-04,51,56,43,16,500,56
2021-07-05,50,66,45,12,500,83
2021-07-06,55,72,32,18,500,62
2021-07-07,54,73,41,15,500,65
2021-07-08,57,66,45,14,500,54
2021-07-09,45,65,44,15,500,82
2021-07-10,55,68,36,13,500,84
2021-07-11,49,62,47,16,500,62
2021-07-12,47,63,33,15,500,67
2021-07-13,54,71,41,18,500,86
2021-07-14,54,65,47,15,500,109
2021-07-15,54,62,38,18,500,103
2021-07-16,54,83,51,12,500,85
2021-07-17,53,73,37,16,500,86
2021-07-18,55,66,39,15,500,86
2021-07-19,63,76,47,15,500,83
2021-07-20,58,79,39,18,500,81
2021-07-21,53,83,48,16,500,104
2021-07-22,49,65,45,17,500,85
2021-07-23,55,69,49,16,500,85
2021-07-24,58,79,44,17,500,97
2021-07-25,68,83,53,20,500,83
2021-07-26,61,87,42,22,500,102
2021-07-27,58,88,49,19,500,90
2021-07-28,74,82,44,16,500,91
2021-07-29,55,78,52,19,500,87
2021-07-30,48,73,41,20,500,105
2021-07-31,55,85,48,17,500,78
2021-08-01,56,79,51,17,500,106
2021-08-02,60,79,52,23,500,91
2021-08-03,63,66,57,20,500,83
2021-08-04,58,76,51,17,500,99
2021-08-05,64,91,53,20,500,89
2021-08-06,63,75,50,19,500,83
2021-08-07,61,67,55,18,500,104
2021-08-08,67,86,48,23,500,108
2021-08-09,64,100,49,18,500,121
2021-08-10,65,95,50,17,500,104
2021-08-11,66,80,54,17,500,101
2021-08-12,77,84,56,20,500,105
2021-08-13,64,84,52,17,500,92
2021-08-14,70,90,49,22,500,120
2021-08-15,74,72,57,21,500,104
2021-08-16,60,78,55,21,500,99
2021-08-17,65,76,54,19,500,104
2021-08-18,69,88,52,19,500,115
2021-08-19,64,80,59,18,500,86
2021-08-20,79,97,52,19,500,115
2021-08-21,75,95,54,21,500,90
2021-08-22,71,95,58,21,500,112
2021-08-23,64,90,57,20,500,87
2021-08-24,68,85,59,16,500,99
2021-08-25,71,105,61,18,500,112
2021-08-26,71,81,55,20,500,114
2021-08-27,76,85,58,22,500,112
2021-08-28,64,104,60,21,500,92
2021-08-29,74,85,61,20,500,104
2021-08-30,68,87,57,22,500,106
2021-08-31,70,92,58,22,500,112
2021-09-01,76,103,58,20,500,100
2021-09-02,82,95,62,21,500,118
2021-09-03,80,110,65,21,500,127
2021-09-04,82,98,60,24,500,104
2021-09-05,78,97,53,23,500,98
2021-09-06,68,109,68,24,500,118
2021-09-07,74,97,65,23,500,128
2021-09-08,73,106,54,20,500,110
2021-09-09,73,102,64,19,500,99
2021-09-10,76,114,64,26,500,109
2021-09-11,76,101,56,23,500,134
2021-09-12,81,105,63,24,500,128
2021-09-13,75,104,65,20,500,114
2021-09-14,72,112,62,25,500,115
2021-09-15,84,102,64,24,500,112
2021-09-16,78,108,62,26,500,121
2021-09-17,76,115,66,28,500,109
2021-09-18,80,109,64,21,500,98
2021-09-19,75,90,60,22,500,128
2021-09-20,79,123,62,23,500,131
2021-09-21,80,111,70,24,500,119
2021-09-22,84,119,59,23,500,117
2021-09-23,79,118,62,24,500,139
2021-09-24,82,108,66,20,500,121
2021-09-25,86,98,74,22,500,112
2021-09-26,83,103,64,25,500,135
2021-09-27,74,113,60,22,500,143
2021-09-28,82,108,73,26,500,137
2021-09-29,87,99,70,26,500,127
2021-09-30,75,110,67,25,500,122
2021-10-01,88,102,66,24,500,121
2021-10-02,79,120,65,24,500,114
2021-10-03,84,104,65,26,500,130
2021-10-04,91,116,68,26,500,127
2021-10-05,82,96,69,27,500,128
2021-10-06,85,116,59,27,500,128
2021-10-07,94,121,69,25,500,113
2021-10-08,86,123,59,26,500,140
2021-10-09,91,109,63,25,500,146
2021-10-10,85,123,73,26,500,143
2021-10-11,88,112,70,28,500,120
2021-10-12,85,101,78,26,500,126
2021-10-13,89,122,69,23,500,139
2021-10-14,92,111,68,27,500,138
2021-10-15,91,115,75,28,500,128
2021-10-16,81,119,75,26,500,140
2021-10-17,89,117,74,26,500,137
2021-10-18,91,124,67,25,500,135
2021-10-19,90,121,78,28,500,123
2021-10-20,89,120,72,29,500,133
2021-10-21,90,131,71,26,500,138
2021-10-22,89,111,71,23,500,133
2021-10-23,86,104,72,26,500,155
2021-10-24,94,108,72,26,500,117
2021-10-25,97,128,75,23,500,144
2021-10-26,95,127,65,31,500,139
2021-10-27,105,126,78,28,500,149
2021-10-28,91,125,71,29,500,139
2021-10-29,88,121,77,28,500,130
2021-10-30,97,107,71,27,500,151
2021-10-31,94,133,74,28,500,134
2021-11-01,96,130,79,30,500,143
2021-11-02,90,127,80,27,500,114
2021-11-03,97,119,81,27,500,137
2021-11-04,90,114,74,29,500,141
2021-11-05,97,139,79,29,500,114
2021-11-06,94,115,81,26,500,141
2021-11-07,96,124,69,29,500,139
2021-11-08,105,122,72,25,500,151
2021-11-09,99,119,82,28,500,157
2021-11-10,100,134,79,29,500,139
2021-11-11,96,119,73,28,500,141
2021-11-12,100,128,72,28,500,135
2021-11-13,96,139,75,30,500,144
2021-11-14,95,129,72,31,500,146
2021-11-15,101,132,84,27,500,141
2021-11-16,96,141,79,32,500,166
2021-11-17,96,120,77,30,500,154
2021-11-18,95,124,82,28,500,143
2021-11-19,93,138,83,28,500,143
2021-11-20,98,126,67,30,500,152
2021-11-21,96,121,80,31,500,149
2021-11-22,94,116,76,29,500,144
2021-11-23,105,115,71,27,500,143
2021-11-24,108,128,77,31,500,144
2021-11-25,97,144,83,32,500,152
2021-11-26,101,125,75,29,500,139
2021-11-27,100,127,80,27,500,145
2021-11-28,103,144,84,28,500,148
2021-11-29,100,122,75,28,500,160
2021-11-30,95,128,76,27,500,145
2021-12-01,98,119,76,29,500,150
2021-12-02,101,137,82,28,500,163
2021-12-03,96,145,74,25,500,156
2021-12-04,110,125,77,29,500,152
2021-12-05,103,125,81,29,500,156
2021-12-06,102,123,74,27,500,148
2021-12-07,104,129,81,28,500,167
2021-12-08,103,147,81,30,500,149
2021-12-09,90,127,79,30,500,144
2021-12-10,99,126,79,29,500,155
2021-12-11,106,130,76,31,500,156
2021-12-12,99,134,77,28,500,139
2021-12-13,103,134,76,31,500,140
2021-12-14,106,131,82,29,500,167
2021-12-15,98,141,79,29,500,139
2021-12-16,99,142,88,28,500,153
2021-12-17,106,129,81,30,500,153
2021-12-18,99,121,80,32,500,145
2021-12-19,101,129,80,30,500,136
2021-12-20,101,134,82,29,500,136
2021-12-21,99,133,81,30,500,147
2021-12-22,107,138,78,30,500,165
2021-12-23,95,132,80,29,500,157
2021-12-24,97,141,78,29,500,151
2021-12-25,97,123,81,29,500,141
2021-12-26,101,130,82,30,500,165
2021-12-27,102,132,77,30,500,145
2021-12-28,106,126,72,27,500,155
2021-12-29,96,112,80,29,500,151
2021-12-30,88,125,77,28,500,147
2021-12-31,105,129,77,30,500,173
2022-01-01,99,141,80,26,500,155
2022-01-02,101,117,81,31,500,148
2022-01-03,95,130,77,27,500,151
2022-01-04,97,123,76,30,500,135
2022-01-05,98,138,84,26,500,147
2022-01-06,96,119,79,29,500,147
2022-01-07,95,129,78,30,500,155
2022-01-08,98,113,81,27,500,153
2022-01-09,92,130,79,25,500,143
2022-01-10,104,126,71,26,500,147
2022-01-11,96,145,77,30,500,136
2022-01-12,94,140,77,30,500,143
2022-01-13,100,126,83,28,500,145
2022-01-14,103,126,78,30,500,162
2022-01-15,96,133,77,27,500,134
2022-01-16,101,128,72,29,500,152
2022-01-17,88,128,83,26,500,172
2022-01-18,100,128,78,28,500,140
2022-01-19,98,124,73,34,500,143
2022-01-20,100,127,79,27,500,155
2022-01-21,105,122,74,32,500,132
2022-01-22,94,123,76,28,500,140
2022-01-23,100,125,80,32,500,150
2022-01-24,99,121,75,27,500,125
2022-01-25,101,121,67,26,500,151
2022-01-26,87,123,78,28,500,144
2022-01-27,88,138,78,24,500,149
2022-01-28,99,116,83,27,500,150
2022-01-29,99,135,77,29,500,154
2022-01-30,103,127,76,27,500,124
2022-01-31,92,124,82,27,500,158
2022-02-01,98,120,76,28,500,149
2022-02-02,97,125,75,30,500,133
2022-02-03,97,125,79,31,500,122
2022-02-04,94,111,77,27,500,130
2022-02-05,97,103,74,29,500,144
2022-02-06,103,123,76,27,500,141
2022-02-07,92,117,79,27,500,133
2022-02-08,82,130,68,28,500,151
2022-02-09,92,128,74,23,500,152
2022-02-10,103,119,73,25,500,166
2022-02-11,85,126,70,25,500,129
2022-02-12,94,118,79,29,500,146
2022-02-13,92,119,75,27,500,120
2022-02-14,89,108,79,25,500,148
2022-02-15,92,126,72,23,500,143
2022-02-16,101,119,77,28,500,147
2022-02-17,89,116,75,28,500,125
2022-02-18,85,123,69,25,500,117
2022-02-19,93,127,72,27,500,140
2022-02-20,95,126,68,28,500,132
2022-02-21,91,123,74,28,500,130
2022-02-22,88,124,82,25,500,144
2022-02-23,90,123,73,25,500,137
2022-02-24,92,112,72,24,500,122
2022-02-25,81,126,69,29,500,138
2022-02-26,89,127,73,28,500,126
2022-02-27,87,109,74,27,500,133
2022-02-28,79,108,79,23,500,123
2022-03-01,91,121,69,27,500,129
2022-03-02,80,114,73,28,500,131
2022-03-03,88,107,71,27,500,141
2022-03-04,96,111,65,29,500,134
2022-03-05,89,97,69,24,500,129
2022-03-06,84,121,70,27,500,120
2022-03-07,85,119,64,25,500,138
2022-03-08,90,108,70,21,500,130
2022-03-09,93,99,67,24,500,129
2022-03-10,89,107,70,27,500,132
2022-03-11,99,135,61,26,500,126
2022-03-12,78,112,70,23,500,142
2022-03-13,81,107,67,25,500,120
2022-03-14,85,110,69,23,500,128
2022-03-15,84,111,63,21,500,132
2022-03-16,84,101,60,26,500,134
2022-03-17,88,119,61,25,500,132
2022-03-18,74,121,63,27,500,123
2022-03-19,77,101,71,25,500,111
2022-03-20,80,93,68,24,500,122
2022-03-21,82,106,63,23,500,120
2022-03-22,89,109,67,26,500,109
2022-03-23,79,102,60,26,500,116
2022-03-24,78,106,69,20,500,110
2022-03-25,82,107,56,26,500,107
2022-03-26,83,103,61,22,500,103
2022-03-27,73,104,61,23,500,119
2022-03-28,76,101,63,19,500,123
2022-03-29,82,91,60,22,500,116
2022-03-30,76,112,61,19,500,107
2022-03-31,74,102,53,21,500,124
2022-04-01,74,99,65,22,500,106
2022-04-02,74,108,66,22,500,110
2022-04-03,75,88,65,21,500,107
2022-04-04,79,93,62,24,500,107
2022-04-05,72,97,58,22,500,130
2022-04-06,69,86,58,24,500,133
2022-04-07,64,91,60,22,500,111
2022-04-08,80,112,58,20,500,118
2022-04-09,71,82,55,21,500,127
2022-04-10,69,96,53,19,500,106
2022-04-11,71,98,57,23,500,114
2022-04-12,68,95,58,17,500,111
2022-04-13,73,93,57,22,500,118
2022-04-14,74,91,58,19,500,98
2022-04-15,74,91,59,18,500,111
2022-04-16,67,96,57,19,500,133
2022-04-17,71,88,56,17,500,91
2022-04-18,68,73,56,20,500,115
2022-04-19,77,108,56,23,500,114
2022-04-20,66,83,61,17,500,98
2022-04-21,62,78,57,20,500,114
2022-04-22,67,85,57,20,500,93
2022-04-23,72,79,58,20,500,101
2022-04-24,65,77,48,19,500,108
2022-04-25,67,86,53,23,500,97
2022-04-26,57,89,57,22,500,102
2022-04-27,65,93,53,21,500,101
2022-04-28,67,87,55,18,500,111
2022-04-29,62,81,48,20,500,84
2022-04-30,66,81,44,20,500,98
2022-05-01,63,79,53,16,500,110
2022-05-02,61,79,53,21,500,87
2022-05-03,65,86,54,20,500,107
2022-05-04,69,91,50,18,500,92
2022-05-05,67,80,50,19,500,104
2022-05-06,56,84,52,19,500,101
2022-05-07,64,92,48,20,500,81
2022-05-08,57,84,43,19,500,87
2022-05-09,56,85,49,17,500,104
2022-05-10,55,77,55,15,500,75
2022-05-11,55,85,42,18,500,99
2022-05-12,66,85,44,14,500,85
2022-05-13,65,76,46,18,500,85
2022-05-14,59,60,47,17,500,87
2022-05-15,67,82,39,16,500,92
2022-05-16,50,81,47,17,500,94
2022-05-17,58,60,47,17,500,85
2022-05-18,53,64,45,18,500,85
2022-05-19,56,63,49,16,500,90
2022-05-20,46,65,43,14,500,78
2022-05-21,61,67,35,16,500,75
2022-05-22,54,63,39,11,500,87
2022-05-23,54,60,44,14,500,72
2022-05-24,59,74,44,16,500,88
2022-05-25,49,62,45,16,500,69
2022-05-26,45,68,44,15,500,90
2022-05-27,52,63,43,17,500,94
2022-05-28,56,67,44,19,500,76
2022-05-29,55,71,41,13,500,70
2022-05-30,45,71,43,14,500,57
2022-05-31,54,64,37,14,500,89
2022-06-01,56,72,40,15,500,73
2022-06-02,47,70,34,15,500,62
2022-06-03,57,65,37,12,500,89
2022-06-04,52,53,37,13,500,66
2022-06-05,38,56,44,13,500,64
2022-06-06,49,55,45,15,500,82
2022-06-07,48,71,38,17,500,69
2022-06-08,59,57,34,13,500,69
2022-06-09,53,60,40,16,500,85
2022-06-10,48,68,37,13,500,66
2022-06-11,51,56,41,16,500,61
2022-06-12,48,46,37,13,500,82
2022-06-13,41,42,36,16,500,58
2022-06-14,41,63,29,12,500,65
2022-06-15,48,48,36,14,500,72
2022-06-16,43,62,40,14,500,78
2022-06-17,51,70,26,16,500,65
2022-06-18,40,59,31,17,500,58
2022-06-19,39,51,38,10,500,69
2022-06-20,47,65,34,7,500,56
2022-06-21,50,46,38,14,500,72
2022-06-22,45,59,31,9,500,64
2022-06-23,31,64,32,11,500,69
2022-06-24,40,50,38,13,500,73
2022-06-25,45,47,30,11,500,56
2022-06-26,40,44,31,11,500,64
2022-06-27,34,44,33,12,500,46
2022-06-28,37,33,33,10,500,58
2022-06-29,34,43,34,14,500,59
2022-06-30,38,34,24,8,500,46
2022-07-01,42,45,36,12,500,57
2022-07-02,29,39,23,7,500,56
2022-07-03,36,54,37,11,500,61
2022-07-04,41,54,27,12,500,71
2022-07-05,23,45,31,13,500,59
2022-07-06,41,41,37,11,500,54
2022-07-07,35,67,33,10,500,68
2022-07-08,23,42,32,12,500,47
2022-07-09,34,55,26,12,500,56
2022-07-10,36,47,28,12,500,53
2022-07-11,37,40,26,10,500,40
2022-07-12,34,45,21,7,500,49
2022-07-13,31,49,31,8,500,56
2022-07-14,29,40,24,12,500,49
2022-07-15,34,35,21,11,500,57
2022-07-16,30,47,36,12,500,25
2022-07-17,31,44,34,8,500,51
2022-07-18,30,29,18,14,500,62
2022-07-19,35,48,30,8,500,49
2022-07-20,26,33,21,7,500,63
2022-07-21,30,45,26,6,500,32
2022-07-22,25,48,25,11,500,30
2022-07-23,30,38,23,10,500,55
2022-07-24,25,36,25,8,500,52
2022-07-25,33,47,19,10,500,63
2022-07-26,30,39,23,11,500,69
2022-07-27,29,34,19,8,500,44
2022-07-28,25,46,19,8,500,64
2022-07-29,30,38,33,9,500,44
2022-07-30,23,27,18,9,500,38
2022-07-31,23,23,28,7,500,30
2022-08-01,31,43,27,11,500,30
2022-08-02,16,51,23,10,500,47
2022-08-03,16,34,25,6,500,44
2022-08-04,33,28,17,11,500,28
2022-08-05,21,38,19,8,500,47
2022-08-06,30,48,29,4,500,43
2022-08-07,28,39,13,8,500,46
2022-08-08,27,11,23,9,500,38
2022-08-09,24,34,13,7,500,54
2022-08-10,32,31,24,7,500,40
2022-08-11,35,30,31,8,500,37
2022-08-12,22,32,26,10,500,34
2022-08-13,21,29,18,5,500,36
2022-08-14,18,29,21,8,500,56
2022-08-15,25,44,26,9,500,34
2022-08-16,33,26,23,9,500,40
2022-08-17,23,30,16,9,500,38
2022-08-18,23,41,23,8,500,40
2022-08-19,21,29,13,8,500,20
2022-08-20,27,34,13,7,500,43
2022-08-21,20,27,23,5,500,29
2022-08-22,13,21,21,5,500,35
2022-08-23,26,23,16,7,500,36
2022-08-24,20,25,20,8,500,35
2022-08-25,21,28,16,7,500,27
2022-08-26,13,37,21,8,500,30
2022-08-27,22,39,11,7,500,30
2022-08-28,19,34,22,9,500,45
2022-08-29,14,31,17,6,500,15
2022-08-30,15,32,22,6,500,8
2022-08-31,10,21,23,9,500,42
2022-09-01,24,24,12,8,500,24
2022-09-02,27,44,16,7,500,19
2022-09-03,17,33,19,6,500,32
2022-09-04,25,25,16,3,500,21
2022-09-05,20,34,19,9,500,37
2022-09-06,13,18,17,4,500,32
2022-09-07,28,23,20,5,500,43
2022-09-08,16,33,18,9,500,25
2022-09-09,27,24,8,6,500,54
2022-09-10,9,14,14,5,500,30
2022-09-11,16,31,11,4,500,31
2022-09-12,24,20,10,7,500,34
2022-09-13,29,26,14,5,500,24
2022-09-14,24,32,12,9,500,19
2022-09-15,17,38,15,7,500,12
2022-09-16,29,23,17,7,500,26
2022-09-17,15,33,13,5,500,42
2022-09-18,19,31,14,3,500,42
2022-09-19,18,44,19,6,500,23
2022-09-20,19,33,15,6,500,33
2022-09-21,11,24,18,9,500,40
2022-09-22,28,25,14,5,500,18
2022-09-23,22,19,15,1,500,26
2022-09-24,21,20,15,6,500,26
2022-09-25,24,24,17,3,500,37
2022-09-26,25,38,20,5,500,28
2022-09-27,19,19,17,6,500,41
2022-09-28,24,29,13,5,500,20
2022-09-29,27,24,18,6,500,50
2022-09-30,22,30,10,8,500,51
2022-10-01,31,19,12,6,500,25
2022-10-02,20,13,11,6,500,26
2022-10-03,16,16,20,4,500,35
2022-10-04,13,34,22,3,500,18
2022-10-05,14,16,9,6,500,29
2022-10-06,21,41,6,4,500,16
2022-10-07,23,23,16,8,500,40
2022-10-08,25,23,15,8,500,42
2022-10-09,23,4,11,4,500,19
2022-10-10,22,21,15,1,500,23
2022-10-11,13,38,13,3,500,40
2022-10-12,27,12,19,5,500,37
2022-10-13,27,28,19,5,500,40
2022-10-14,15,14,14,6,500,12
2022-10-15,23,25,20,5,500,34
2022-10-16,29,30,12,7,500,36
2022-10-17,19,39,17,8,500,44
2022-10-18,20,26,24,8,500,40
2022-10-19,23,34,19,4,500,25
2022-10-20,10,34,18,6,500,41
2022-10-21,16,19,20,4,500,49
2022-10-22,24,20,18,5,500,41
2022-10-23,16,25,17,4,500,50
2022-10-24,23,25,18,4,500,20
2022-10-25,20,27,18,5,500,39
2022-10-26,28,34,16,8,500,30
2022-10-27,29,24,20,6,500,46
2022-10-28,20,38,11,4,500,24
2022-10-29,16,27,14,3,500,44
2022-10-30,28,26,25,6,500,36
2022-10-31,21,27,10,9,500,48
2022-11-01,24,28,16,5,500,27
2022-11-02,19,32,16,6,500,32
2022-11-03,11,42,15,7,500,40
2022-11-04,19,27,17,4,500,40
2022-11-05,30,33,19,4,500,37
2022-11-06,19,20,12,4,500,47
2022-11-07,26,30,24,5,500,44
2022-11-08,27,23,13,7,500,50
2022-11-09,34,26,25,7,500,39
2022-11-10,16,28,22,9,500,37
2022-11-11,26,34,12,7,500,37
2022-11-12,22,34,16,5,500,33
2022-11-13,20,21,21,10,500,12
2022-11-14,14,26,15,7,500,27
2022-11-15,25,28,19,7,500,16
2022-11-16,24,35,21,6,500,43
2022-11-17,22,29,15,10,500,36
2022-11-18,28,25,23,7,500,22
2022-11-19,24,23,22,9,500,23
2022-11-20,25,42,22,7,500,31
2022-11-21,23,31,22,7,500,24
2022-11-22,30,35,20,8,500,34
2022-11-23,21,41,20,8,500,46
2022-11-24,23,28,29,5,500,49
2022-11-25,29,25,19,8,500,54
2022-11-26,25,46,23,8,500,32
2022-11-27,29,33,20,10,500,54
2022-11-28,28,42,21,6,500,33
2022-11-29,35,50,22,7,500,54
2022-11-30,38,40,28,8,500,57
2022-12-01,30,28,21,5,500,37
2022-12-02,40,43,23,7,500,53
2022-12-03,35,35,29,11,500,62
2022-12-04,32,34,23,7,500,51
2022-12-05,25,51,18,9,500,44
2022-12-06,26,48,20,8,500,47
2022-12-07,31,46,29,10,500,64
2022-12-08,30,31,33,11,500,38
2022-12-09,21,39,25,7,500,46
2022-12-10,26,36,25,9,500,59
2022-12-11,32,35,26,10,500,51
2022-12-12,31,36,25,8,500,40
2022-12-13,38,44,25,10,500,53
2022-12-14,37,37,26,6,500,52
2022-12-15,35,42,31,9,500,53
2022-12-16,30,47,24,13,500,40
2022-12-17,32,36,21,12,500,40
2022-12-18,35,44,30,8,500,64
2022-12-19,42,49,33,12,500,52
2022-12-20,39,40,25,11,500,57
2022-12-21,31,37,24,7,500,67
2022-12-22,36,33,23,12,500,50
2022-12-23,32,52,26,11,500,50
2022-12-24,38,49,26,12,500,42
2022-12-25,33,36,27,11,500,44
2022-12-26,32,39,28,13,500,64
2022-12-27,39,53,30,7,500,49
2022-12-28,37,49,28,11,500,66
2022-12-29,30,45,32,8,500,63
2022-12-30,37,58,32,12,500,62
2022-12-31,28,55,32,12,500,47
2023-01-01,42,60,35,12,500,57
2023-01-02,35,54,34,15,500,47
2023-01-03,40,47,33,11,500,54
2023-01-04,37,48,38,13,500,60
2023-01-05,42,62,32,12,500,66
2023-01-06,41,57,30,11,500,75
2023-01-07,37,48,35,14,500,72
2023-01-08,45,62,40,12,500,84
2023-01-09,48,51,35,12,500,67
2023-01-10,31,65,30,9,500,69
2023-01-11,45,52,34,12,500,64
2023-01-12,40,53,40,13,500,57
2023-01-13,30,62,29,11,500,60
2023-01-14,37,48,35,14,500,55
2023-01-15,39,52,41,13,500,64
2023-01-16,40,70,40,12,500,72
2023-01-17,40,56,38,16,500,59
2023-01-18,45,59,35,14,500,76
2023-01-19,44,63,40,13,500,69
2023-01-20,34,47,33,13,500,66
2023-01-21,50,70,38,13,500,69
2023-01-22,51,66,33,13,500,74
2023-01-23,52,57,42,15,500,77
2023-01-24,42,55,43,15,500,74
2023-01-25,46,69,38,18,500,56
2023-01-26,49,61,36,13,500,83
2023-01-27,48,61,40,14,500,79
2023-01-28,47,64,29,15,500,89
2023-01-29,48,59,41,14,500,78
2023-01-30,46,52,40,12,500,87
2023-01-31,46,72,37,16,500,88
2023-02-01,47,78,38,14,500,74
2023-02-02,60,64,40,16,500,69
2023-02-03,50,63,43,16,500,75
2023-02-04,47,63,45,13,500,64
2023-02-05,52,62,47,16,500,72
2023-02-06,56,81,32,17,500,82
2023-02-07,52,81,42,15,500,89
2023-02-08,54,68,43,18,500,79
2023-02-09,55,58,42,15,500,79
2023-02-10,45,87,41,18,500,86
2023-02-11,55,72,45,22,500,96
2023-02-12,52,82,43,20,500,82
2023-02-13,51,72,45,17,500,75
2023-02-14,62,65,44,15,500,68
2023-02-15,55,67,44,18,500,70
2023-02-16,53,76,53,15,500,66
2023-02-17,56,89,40,19,500,87
2023-02-18,61,72,45,16,500,93
2023-02-19,62,75,42,16,500,83
2023-02-20,54,76,50,20,500,89
2023-02-21,49,72,49,18,500,87
2023-02-22,61,66,41,15,500,75
2023-02-23,61,79,44,17,500,84
2023-02-24,72,79,52,16,500,76
2023-02-25,60,96,48,15,500,90
2023-02-26,51,68,49,17,500,101
2023-02-27,56,91,50,22,500,90
2023-02-28,59,77,51,17,500,100
2023-03-01,58,72,46,15,500,89
2023-03-02,61,93,51,16,500,90
2023-03-03,56,88,51,18,500,101
2023-03-04,60,73,51,20,500,116
2023-03-05,78,78,59,18,500,105
2023-03-06,70,73,44,20,500,103
2023-03-07,77,85,58,19,500,92
2023-03-08,66,99,47,17,500,101
2023-03-09,67,84,60,21,500,120
2023-03-10,72,85,46,17,500,92
2023-03-11,63,94,49,23,500,117
2023-03-12,72,83,57,21,500,94
2023-03-13,73,85,52,24,500,106
2023-03-14,63,85,47,22,500,116
2023-03-15,79,87,47,18,500,106
2023-03-16,78,94,59,19,500,110
2023-03-17,62,85,57,20,500,101
2023-03-18,72,95,54,20,500,120
2023-03-19,69,70,54,24,500,112
2023-03-20,65,96,53,21,500,110
2023-03-21,76,98,58,22,500,104
2023-03-22,69,100,55,24,500,99
2023-03-23,76,100,57,24,500,100
2023-03-24,67,99,60,25,500,107
2023-03-25,70,89,52,22,500,122
2023-03-26,69,100,60,20,500,102
2023-03-27,73,92,51,21,500,129
2023-03-28,81,115,61,24,500,118
2023-03-29,74,75,63,23,500,105
2023-03-30,76,102,54,20,500,127
2023-03-31,65,102,56,19,500,109
2023-04-01,77,88,56,22,500,101
2023-04-02,71,88,56,26,500,105
2023-04-03,81,105,57,21,500,123
2023-04-04,78,111,70,21,500,112
2023-04-05,75,94,65,20,500,137
2023-04-06,79,112,64,23,500,117
2023-04-07,85,93,59,25,500,116
2023-04-08,70,106,64,26,500,123
2023-04-09,83,88,66,25,500,124
2023-04-10,88,95,65,20,500,131
2023-04-11,73,102,64,22,500,104
2023-04-12,78,104,63,28,500,134
2023-04-13,84,104,59,24,500,145
2023-04-14,85,107,70,22,500,123
2023-04-15,81,106,68,27,500,128
2023-04-16,74,101,70,22,500,138
2023-04-17,85,108,64,22,500,122
2023-04-18,80,107,70,23,500,144
2023-04-19,90,107,64,25,500,126
2023-04-20,78,121,66,26,500,130
2023-04-21,77,98,65,20,500,133
2023-04-22,81,121,69,28,500,131
2023-04-23,81,110,66,30,500,137
2023-04-24,89,129,67,29,500,130
2023-04-25,86,105,68,24,500,112
2023-04-26,85,124,73,23,500,123
2023-04-27,81,107,69,27,500,126
2023-04-28,84,107,63,23,500,138
2023-04-29,79,97,74,25,500,135
2023-04-30,83,108,72,24,500,133
2023-05-01,86,119,67,24,500,129
2023-05-02,87,109,60,27,500,132
2023-05-03,80,126,73,27,500,125
2023-05-04,80,117,67,26,500,152
2023-05-05,91,115,76,28,500,130
2023-05-06,81,115,71,28,500,147
2023-05-07,93,109,69,30,500,118
2023-05-08,87,103,79,21,500,144
2023-05-09,89,124,69,29,500,154
2023-05-10,87,107,64,24,500,122
2023-05-11,97,121,70,25,500,129
2023-05-12,99,121,72,27,500,136
2023-05-13,98,112,63,32,500,149
2023-05-14,88,118,69,26,500,131
2023-05-15,86,129,71,23,500,141
2023-05-16,90,115,82,29,500,158
2023-05-17,96,131,75,27,500,145
2023-05-18,93,117,75,26,500,126
2023-05-19,92,118,71,28,500,133
2023-05-20,92,126,75,26,500,138
2023-05-21,94,132,79,26,500,135
2023-05-22,92,117,73,27,500,126
2023-05-23,99,130,78,27,500,130
2023-05-24,93,104,72,25,500,148
2023-05-25,93,134,80,27,500,160
2023-05-26,99,125,76,30,500,137
2023-05-27,104,121,73,27,500,139
2023-05-28,93,121,67,27,500,135
2023-05-29,88,116,73,30,500,134
2023-05-30,97,121,84,29,500,136
2023-05-31,85,126,75,27,500,145
2023-06-01,93,120,73,27,500,159
2023-06-02,93,123,72,26,500,148
2023-06-03,96,120,77,30,500,130
2023-06-04,102,124,77,28,500,146
2023-06-05,93,123,76,32,500,130
2023-06-06,99,123,73,33,500,163
2023-06-07,100,117,83,31,500,150
2023-06-08,93,139,70,27,500,145
2023-06-09,94,117,75,27,500,132
2023-06-10,102,131,80,30,500,131
2023-06-11,98,125,76,29,500,143
2023-06-12,95,130,85,27,500,152
2023-06-13,99,117,75,30,500,134
2023-06-14,100,132,77,31,500,153
2023-06-15,97,125,79,30,500,162
2023-06-16,99,133,82,29,500,135
2023-06-17,90,122,76,31,500,148
2023-06-18,102,128,80,30,500,155
2023-06-19,102,120,79,26,500,148
2023-06-20,97,122,86,32,500,127
2023-06-21,89,120,88,32,500,170
2023-06-22,92,129,84,28,500,145
2023-06-23,88,128,82,28,500,143
2023-06-24,99,116,80,29,500,150
2023-06-25,100,137,76,28,500,153
2023-06-26,104,126,76,24,500,142
2023-06-27,100,126,75,27,500,157
2023-06-28,96,113,72,27,500,162
2023-06-29,103,129,75,27,500,140
2023-06-30,104,135,77,27,500,157
2023-07-01,86,119,78,31,500,147
2023-07-02,96,133,88,30,500,144
2023-07-03,100,124,73,31,500,149
2023-07-04,103,122,79,29,500,139
2023-07-05,101,131,81,29,500,131
2023-07-06,104,129,82,27,500,142
2023-07-07,105,132,77,33,500,143
2023-07-08,107,131,77,26,500,158
2023-07-09,102,125,80,27,500,145
2023-07-10,93,129,87,31,500,139
2023-07-11,103,132,84,31,500,152
2023-07-12,102,126,79,34,500,152
2023-07-13,102,121,81,28,500,153
2023-07-14,100,131,74,29,500,149
2023-07-15,99,131,82,34,500,148
2023-07-16,104,123,78,27,500,133
2023-07-17,103,117,74,28,500,132
2023-07-18,104,130,80,26,500,137
2023-07-19,98,152,81,30,500,150
2023-07-20,95,128,82,30,500,167
2023-07-21,100,124,84,30,500,144
2023-07-22,96,125,82,31,500,142
2023-07-23,103,125,77,27,500,153
2023-07-24,98,131,81,34,500,132
2023-07-25,101,144,80,27,500,157
2023-07-26,99,122,73,29,500,161
2023-07-27,98,123,76,31,500,126
2023-07-28,100,127,71,31,500,149
2023-07-29,91,129,78,30,500,144
2023-07-30,94,122,73,28,500,154
2023-07-31,93,128,85,26,500,136
2023-08-01,103,141,78,29,500,154
2023-08-02,108,123,81,29,500,165
2023-08-03,102,125,79,33,500,137
2023-08-04,95,120,77,28,500,141
2023-08-05,93,132,77,31,500,155
2023-08-06,102,131,79,31,500,166
2023-08-07,99,132,84,30,500,144
2023-08-08,89,127,79,27,500,153
2023-08-09,102,135,71,30,500,154
2023-08-10,90,110,75,30,500,152
2023-08-11,100,137,78,26,500,157
2023-08-12,99,128,78,27,500,141
2023-08-13,100,130,84,31,500,158
2023-08-14,112,125,75,28,500,161
2023-08-15,98,142,78,28,500,154
2023-08-16,102,139,77,28,500,155
2023-08-17,95,126,76,30,500,152
2023-08-18,103,131,75,28,500,139
2023-08-19,96,129,75,27,500,142
2023-08-20,90,115,74,26,500,136
2023-08-21,93,130,78,31,500,123
2023-08-22,89,118,71,25,500,118
2023-08-23,90,132,78,30,500,121
2023-08-24,101,122,78,28,500,154
2023-08-25,97,121,75,32,500,148
2023-08-26,92,134,77,31,500,138
2023-08-27,100,139,75,29,500,140
2023-08-28,95,121,81,29,500,127
2023-08-29,96,126,72,27,500,144
2023-08-30,90,144,79,30,500,147
2023-08-31,100,112,73,25,500,137
2023-09-01,80,114,75,28,500,144
2023-09-02,90,132,69,29,500,151
2023-09-03,94,126,77,28,500,142
2023-09-04,94,128,75,29,500,145
2023-09-05,100,128,79,28,500,133
2023-09-06,91,110,72,27,500,130
2023-09-07,108,129,68,23,500,149
2023-09-08,92,115,77,26,500,130
2023-09-09,84,127,70,26,500,149
2023-09-10,87,126,73,26,500,155
2023-09-11,97,126,69,19,500,125
2023-09-12,82,104,69,26,500,117
2023-09-13,95,117,75,21,500,132
2023-09-14,94,107,77,29,500,142
2023-09-15,88,132,79,28,500,136
2023-09-16,99,122,69,24,500,128
2023-09-17,83,119,68,27,500,134
2023-09-18,89,117,74,24,500,128
2023-09-19,88,118,74,28,500,134
2023-09-20,90,115,68,26,500,134
2023-09-21,92,127,69,24,500,135
2023-09-22,86,118,69,28,500,121
2023-09-23,86,115,75,25,500,127
2023-09-24,91,122,77,28,500,128
2023-09-25,92,117,69,24,500,121
2023-09-26,90,116,63,26,500,122
2023-09-27,94,116,72,28,500,139
2023-09-28,95,112,65,25,500,121
2023-09-29,89,98,66,24,500,131
2023-09-30,91,113,69,25,500,143
2023-10-01,79,120,65,23,500,141
2023-10-02,86,113,67,24,500,122
2023-10-03,86,118,66,26,500,130
2023-10-04,74,122,67,22,500,138
2023-10-05,90,115,69,22,500,123
2023-10-06,87,104,61,23,500,118
2023-10-07,75,113,61,24,500,105
2023-10-08,90,107,70,28,500,148
2023-10-09,85,120,68,23,500,129
2023-10-10,82,111,64,25,500,123
2023-10-11,93,117,67,27,500,116
2023-10-12,83,102,54,23,500,101
2023-10-13,83,93,65,25,500,127
2023-10-14,80,108,60,26,500,125
2023-10-15,77,104,69,22,500,101
2023-10-16,82,98,64,23,500,96
2023-10-17,70,101,64,21,500,113
2023-10-18,81,102,63,21,500,104
2023-10-19,77,102,59,22,500,138
2023-10-20,71,105,63,21,500,125
2023-10-21,75,106,68,24,500,99
2023-10-22,81,88,63,25,500,108
2023-10-23,81,99,66,22,500,113
2023-10-24,81,88,65,25,500,103
2023-10-25,74,108,60,24,500,113
2023-10-26,73,95,54,21,500,128
2023-10-27,87,115,55,23,500,108
2023-10-28,82,107,68,23,500,123
2023-10-29,81,81,63,23,500,113
2023-10-30,76,111,66,26,500,114
2023-10-31,82,94,64,24,500,104
2023-11-01,68,83,55,22,500,107
2023-11-02,70,89,56,19,500,109
2023-11-03,74,92,56,22,500,87
2023-11-04,72,82,53,22,500,110
2023-11-05,68,101,62,21,500,106
2023-11-06,71,85,61,23,500,106
2023-11-07,69,82,46,21,500,101
2023-11-08,78,95,63,19,500,114
2023-11-09,72,84,59,21,500,114
2023-11-10,71,83,63,19,500,96
2023-11-11,67,80,56,19,500,78
2023-11-12,67,104,59,23,500,106
2023-11-13,75,78,57,19,500,102
2023-11-14,61,96,58,22,500,115
2023-11-15,68,99,54,22,500,129
2023-11-16,64,86,65,21,500,105
2023-11-17,75,87,61,19,500,96
2023-11-18,62,91,50,20,500,92
2023-11-19,71,87,46,20,500,95
2023-11-20,54,89,54,21,500,102
2023-11-21,65,78,53,17,500,109
2023-11-22,68,95,53,20,500,113
2023-11-23,62,94,50,22,500,92
2023-11-24,68,94,48,17,500,94
2023-11-25,62,86,50,20,500,96
2023-11-26,70,87,50,18,500,95
2023-11-27,61,74,53,19,500,99
2023-11-28,62,79,47,20,500,90
2023-11-29,67,100,48,19,500,74
2023-11-30,66,77,55,23,500,84
2023-12-01,64,78,40,19,500,95
2023-12-02,58,84,58,14,500,101
2023-12-03,51,80,53,17,500,85
2023-12-04,55,86,45,15,500,98
2023-12-05,58,66,55,19,500,101
2023-12-06,47,77,41,21,500,93
2023-12-07,53,82,51,19,500,83
2023-12-08,66,73,39,17,500,70
2023-12-09,56,89,46,18,500,73
2023-12-10,52,75,40,14,500,97
2023-12-11,61,62,45,13,500,88
2023-12-12,52,76,51,18,500,71
2023-12-13,59,72,51,17,500,97
2023-12-14,55,71,45,14,500,92
2023-12-15,58,80,48,17,500,93
2023-12-16,56,68,44,16,500,72
2023-12-17,46,64,46,17,500,80
2023-12-18,57,63,40,17,500,79
2023-12-19,61,73,46,14,500,80
2023-12-20,53,57,48,18,500,79
2023-12-21,55,78,46,14,500,83
2023-12-22,65,53,34,14,500,73
2023-12-23,50,70,39,14,500,94
2023-12-24,52,65,53,12,500,69
2023-12-25,44,75,41,13,500,88
2023-12-26,57,73,42,16,500,77
2023-12-27,57,56,37,13,500,74
2023-12-28,44,51,32,13,500,70
2023-12-29,51,49,43,17,500,68
2023-12-30,36,58,38,12,500,76
2023-12-31,40,50,43,14,500,66
2024-01-01,47,84,30,14,500,59
2024-01-02,50,54,33,17,500,70
2024-01-03,52,70,39,15,500,89
2024-01-04,49,73,40,14,500,65
2024-01-05,42,63,39,15,500,52
2024-01-06,33,67,37,12,500,71
2024-01-07,48,72,35,15,500,58
2024-01-08,46,57,37,15,500,77
2024-01-09,49,43,45,9,500,47
2024-01-10,42,54,32,17,500,63
2024-01-11,39,47,36,15,500,60
2024-01-12,42,62,37,12,500,50
2024-01-13,47,46,37,13,500,45
2024-01-14,39,60,34,12,500,49
2024-01-15,43,57,34,11,500,82
2024-01-16,46,59,37,10,500,70
2024-01-17,38,63,34,11,500,75
2024-01-18,40,49,22,11,500,71
2024-01-19,49,53,25,10,500,64
2024-01-20,36,57,34,11,500,39
2024-01-21,44,69,34,10,500,68
2024-01-22,43,54,35,14,500,40
2024-01-23,56,46,37,7,500,56
2024-01-24,39,52,38,10,500,44
2024-01-25,33,50,29,13,500,57
2024-01-26,36,48,34,14,500,55
2024-01-27,43,37,30,9,500,55
2024-01-28,37,50,32,13,500,42
2024-01-29,33,45,28,9,500,41
2024-01-30,35,42,25,9,500,48
2024-01-31,31,49,24,9,500,48
2024-02-01,39,44,29,9,500,62
2024-02-02,42,38,29,10,500,52
2024-02-03,24,45,23,9,500,53
2024-02-04,31,42,28,13,500,65
2024-02-05,42,32,31,9,500,48
2024-02-06,29,44,24,8,500,40
2024-02-07,38,23,27,7,500,62
2024-02-08,36,37,25,7,500,43
2024-02-09,37,42,31,10,500,45
2024-02-10,42,43,30,8,500,40
2024-02-11,37,54,28,12,500,30
2024-02-12,29,39,26,11,500,29
2024-02-13,34,49,25,9,500,46
2024-02-14,39,40,26,10,500,41
2024-02-15,34,28,24,9,500,43
2024-02-16,33,35,30,11,500,53
2024-02-17,36,44,33,9,500,55
2024-02-18,28,33,28,10,500,35
2024-02-19,27,40,24,10,500,40
2024-02-20,39,41,29,10,500,40
2024-02-21,23,36,26,9,500,45
2024-02-22,25,38,22,5,500,57
2024-02-23,25,39,20,10,500,41
2024-02-24,34,37,22,8,500,45
2024-02-25,26,28,23,6,500,37
2024-02-26,26,40,24,4,500,46
2024-02-27,33,26,22,6,500,29
2024-02-28,18,38,23,10,500,43
2024-02-29,23,25,25,8,500,47
2024-03-01,13,28,18,7,500,38
2024-03-02,28,33,22,9,500,50
2024-03-03,30,34,17,9,500,45
2024-03-04,25,37,26,12,500,43
2024-03-05,24,38,27,7,500,33
2024-03-06,24,31,23,9,500,38
2024-03-07,26,33,28,5,500,51
2024-03-08,32,25,23,8,500,41
2024-03-09,24,24,21,6,500,36
2024-03-10,25,47,21,5,500,20
2024-03-11,30,22,21,8,500,36
2024-03-12,28,31,16,5,500,41
2024-03-13,36,19,9,4,500,33
2024-03-14,22,35,16,7,500,31
2024-03-15,25,33,17,11,500,50
2024-03-16,26,36,14,7,500,14
2024-03-17,19,42,17,8,500,18
2024-03-18,29,41,16,6,500,43
2024-03-19,24,32,15,11,500,11
2024-03-20,22,25,26,7,500,31
2024-03-21,24,30,19,7,500,12
2024-03-22,21,21,21,5,500,25
2024-03-23,16,26,14,2,500,46
2024-03-24,27,31,18,6,500,31
2024-03-25,17,23,23,9,500,50
2024-03-26,25,27,13,8,500,33
2024-03-27,24,37,5,4,500,17
2024-03-28,19,14,24,4,500,17
2024-03-29,31,35,15,7,500,24
2024-03-30,25,42,22,8,500,33
2024-03-31,30,20,16,6,500,14
2024-04-01,22,22,24,2,500,58
2024-04-02,21,25,14,8,500,27
2024-04-03,20,17,20,6,500,5
2024-04-04,13,23,19,2,500,43
2024-04-05,15,46,18,7,500,38
2024-04-06,19,31,12,8,500,22
2024-04-07,15,20,18,5,500,29
2024-04-08,25,22,16,4,500,36
2024-04-09,25,40,15,6,500,31
2024-04-10,19,24,21,3,500,27
2024-04-11,14,27,14,3,500,44
2024-04-12,32,31,13,5,500,24
2024-04-13,7,37,14,5,500,39
2024-04-14,22,34,10,4,500,11
2024-04-15,12,31,9,6,500,25
2024-04-16,21,34,21,7,500,21
2024-04-17,18,28,10,3,500,26
2024-04-18,27,10,13,5,500,40
2024-04-19,26,26,12,8,500,45
2024-04-20,18,18,20,7,500,39
2024-04-21,14,16,13,8,500,29
2024-04-22,24,17,13,7,500,22
2024-04-23,19,33,13,7,500,39
2024-04-24,21,11,17,4,500,12
2024-04-25,13,18,20,2,500,18
2024-04-26,23,19,18,7,500,22
2024-04-27,20,15,15,5,500,19
2024-04-28,21,28,19,2,500,35
2024-04-29,18,24,19,8,500,36
2024-04-30,20,12,21,6,500,46
2024-05-01,16,25,20,4,500,14
2024-05-02,13,27,21,7,500,21
2024-05-03,11,33,22,5,500,39
2024-05-04,10,25,14,6,500,27
2024-05-05,12,30,16,3,500,38
2024-05-06,15,21,13,6,500,24
2024-05-07,18,36,13,6,500,37
2024-05-08,28,33,18,4,500,28
2024-05-09,16,24,17,3,500,31
2024-05-10,25,41,15,4,500,29
2024-05-11,22,33,14,6,500,37
2024-05-12,24,31,16,8,500,29
2024-05-13,10,21,19,5,500,28
2024-05-14,18,23,20,4,500,40
2024-05-15,16,19,14,6,500,35
2024-05-16,23,44,23,6,500,28
2024-05-17,23,30,20,5,500,31
2024-05-18,22,23,19,6,500,47
2024-05-19,27,38,15,7,500,27
2024-05-20,25,19,21,5,500,33
2024-05-21,18,27,18,8,500,23
2024-05-22,17,32,18,4,500,47
2024-05-23,18,22,14,7,500,13
2024-05-24,24,23,8,7,500,46
2024-05-25,13,24,20,5,500,18
2024-05-26,25,46,22,6,500,27
2024-05-27,25,36,19,6,500,37
2024-05-28,18,29,16,6,500,31
2024-05-29,23,21,15,11,500,29
2024-05-30,26,17,12,6,500,24
2024-05-31,40,27,20,7,500,24
2024-06-01,21,40,20,3,500,46
2024-06-02,23,33,18,5,500,26
2024-06-03,27,34,19,6,500,32
2024-06-04,25,29,22,9,500,30
2024-06-05,20,22,14,10,500,36
2024-06-06,32,26,19,6,500,39
2024-06-07,25,24,12,10,500,25
2024-06-08,30,29,15,8,500,32
2024-06-09,28,34,19,6,500,18
2024-06-10,18,19,20,10,500,46
2024-06-11,24,40,23,7,500,28
2024-06-12,20,31,16,7,500,42
2024-06-13,33,40,20,8,500,42
2024-06-14,19,36,19,8,500,16
2024-06-15,22,47,27,8,500,52
2024-06-16,19,31,21,6,500,52
2024-06-17,27,42,28,8,500,39
2024-06-18,25,32,23,7,500,31
2024-06-19,28,44,17,5,500,28
2024-06-20,31,26,17,6,500,38
2024-06-21,33,43,21,6,500,41
2024-06-22,32,44,16,5,500,35
2024-06-23,17,24,25,5,500,35
2024-06-24,32,44,29,11,500,39
2024-06-25,22,45,22,6,500,53
2024-06-26,40,36,26,7,500,45
2024-06-27,30,38,17,10,500,31
2024-06-28,27,27,20,10,500,36
2024-06-29,26,51,26,9,500,51
2024-06-30,33,35,21,9,500,64
2024-07-01,40,25,25,10,500,47
2024-07-02,26,54,24,8,500,63
2024-07-03,42,36,22,11,500,40
2024-07-04,25,42,22,11,500,51
2024-07-05,39,41,20,5,500,41
2024-07-06,24,29,30,10,500,45
2024-07-07,36,37,20,8,500,47
2024-07-08,28,47,26,11,500,45
2024-07-09,31,47,37,8,500,50
2024-07-10,27,55,27,10,500,57
2024-07-11,50,42,30,10,500,37
2024-07-12,23,28,22,8,500,41
2024-07-13,38,52,23,9,500,43
2024-07-14,26,44,31,10,500,43
2024-07-15,29,49,29,14,500,49
2024-07-16,31,44,26,7,500,54
2024-07-17,36,51,28,10,500,37
2024-07-18,25,44,26,10,500,49
2024-07-19,38,42,30,11,500,43
2024-07-20,47,60,27,13,500,50
2024-07-21,35,51,30,7,500,52
2024-07-22,41,45,28,11,500,74
2024-07-23,31,50,27,8,500,64
2024-07-24,37,43,29,11,500,49
2024-07-25,36,31,34,10,500,53
2024-07-26,35,54,30,9,500,54
2024-07-27,38,54,27,9,500,61
2024-07-28,33,50,34,10,500,47
2024-07-29,33,57,34,14,500,63
2024-07-30,34,44,29,11,500,82
2024-07-31,35,45,28,12,500,59
2024-08-01,42,38,31,11,500,78
2024-08-02,41,42,35,13,500,48
2024-08-03,36,54,42,11,500,61
2024-08-04,34,70,33,11,500,53
2024-08-05,49,59,25,12,500,61
2024-08-06,45,40,32,12,500,47
2024-08-07,53,65,38,12,500,53
2024-08-08,43,54,36,12,500,75
2024-08-09,45,45,32,14,500,72
2024-08-10,48,64,33,11,500,62
2024-08-11,46,65,41,13,500,55
2024-08-12,48,69,38,12,500,87
2024-08-13,46,63,36,13,500,74
2024-08-14,42,60,35,12,500,59
2024-08-15,58,59,38,13,500,80
2024-08-16,41,63,37,15,500,67
2024-08-17,51,68,38,14,500,68
2024-08-18,43,58,41,15,500,64
2024-08-19,43,61,41,12,500,48
2024-08-20,50,51,42,13,500,94
2024-08-21,54,53,40,13,500,80
2024-08-22,57,56,41,14,500,78
2024-08-23,40,65,29,18,500,80
2024-08-24,44,69,45,15,500,70
2024-08-25,60,52,40,14,500,71
2024-08-26,61,72,36,13,500,70
2024-08-27,43,74,39,15,500,75
2024-08-28,62,60,39,17,500,64
2024-08-29,58,61,40,15,500,73
2024-08-30,52,76,41,17,500,75
2024-08-31,50,71,42,15,500,94
2024-09-01,46,68,39,11,500,81
2024-09-02,57,50,46,17,500,69
2024-09-03,57,62,44,13,500,92
2024-09-04,57,59,42,15,500,88
2024-09-05,52,66,41,16,500,70
2024-09-06,46,60,39,18,500,89
2024-09-07,55,74,44,17,500,74
2024-09-08,56,70,47,19,500,92
2024-09-09,66,64,43,20,500,93
2024-09-10,47,77,46,17,500,94
2024-09-11,58,70,48,20,500,75
2024-09-12,56,64,51,15,500,94
2024-09-13,63,69,48,18,500,88
2024-09-14,62,83,47,17,500,92
2024-09-15,54,74,42,16,500,100
2024-09-16,66,71,44,15,500,81
2024-09-17,67,66,46,22,500,88
2024-09-18,59,77,56,21,500,93
2024-09-19,59,72,47,19,500,84
2024-09-20,63,86,48,19,500,71
2024-09-21,54,83,50,16,500,98
2024-09-22,68,83,49,18,500,95
2024-09-23,73,72,51,19,500,86
2024-09-24,65,96,55,17,500,75
2024-09-25,61,77,50,18,500,99
2024-09-26,61,81,50,22,500,85
2024-09-27,60,83,51,20,500,93
2024-09-28,64,81,53,18,500,97
2024-09-29,63,108,49,16,500,97
2024-09-30,67,83,46,18,500,107
2024-10-01,72,101,52,20,500,104
2024-10-02,60,88,57,21,500,100
2024-10-03,66,92,46,21,500,95
2024-10-04,76,95,59,21,500,106
2024-10-05,68,98,58,21,500,104
2024-10-06,72,94,53,20,500,102
2024-10-07,69,87,49,18,500,94
2024-10-08,77,93,52,20,500,120
2024-10-09,72,95,54,21,500,100
2024-10-10,70,89,55,22,500,107
2024-10-11,69,102,53,21,500,99
2024-10-12,56,92,56,26,500,101
2024-10-13,79,105,60,20,500,113
2024-10-14,77,76,62,20,500,100
2024-10-15,61,92,56,23,500,120
2024-10-16,68,86,62,17,500,93
2024-10-17,64,96,54,23,500,124
2024-10-18,80,96,55,20,500,122
2024-10-19,74,82,56,23,500,115
2024-10-20,82,96,50,23,500,110
2024-10-21,71,92,65,22,500,103
2024-10-22,75,96,60,23,500,121
2024-10-23,85,92,60,23,500,106
2024-10-24,69,104,57,18,500,119
2024-10-25,75,99,61,24,500,108
2024-10-26,86,96,53,24,500,121
2024-10-27,80,94,59,24,500,126
2024-10-28,77,101,56,22,500,114
2024-10-29,77,103,57,27,500,125
2024-10-30,77,91,63,23,500,117
2024-10-31,88,115,64,24,500,117
2024-11-01,88,104,60,23,500,111
2024-11-02,77,98,61,22,500,104
2024-11-03,80,100,68,27,500,139
2024-11-04,89,119,64,24,500,103
2024-11-05,75,105,58,25,500,112
2024-11-06,90,107,68,25,500,110
2024-11-07,87,98,62,24,500,112
2024-11-08,84,103,64,24,500,137
2024-11-09,79,105,69,24,500,103
2024-11-10,76,104,59,25,500,97
2024-11-11,82,123,59,27,500,144
2024-11-12,89,100,67,25,500,112
2024-11-13,86,115,69,23,500,129
2024-11-14,86,99,71,22,500,117
2024-11-15,84,109,70,25,500,138
2024-11-16,76,126,71,25,500,123
2024-11-17,87,113,65,22,500,120
2024-11-18,77,105,73,23,500,119
2024-11-19,88,113,69,25,500,111
2024-11-20,79,113,66,25,500,131
2024-11-21,80,109,69,23,500,129
2024-11-22,88,124,72,25,500,125
2024-11-23,73,122,72,25,500,121
2024-11-24,85,105,75,26,500,127
2024-11-25,85,108,72,25,500,112
2024-11-26,85,112,71,24,500,121
2024-11-27,90,127,69,24,500,142
2024-11-28,89,114,73,28,500,133
2024-11-29,95,121,69,26,500,107
2024-11-30,87,108,67,27,500,142
2024-12-01,85,136,70,24,500,112
2024-12-02,97,111,66,28,500,145
2024-12-03,92,114,68,27,500,132
2024-12-04,89,125,67,26,500,140
2024-12-05,83,126,71,29,500,147
2024-12-06,94,123,71,25,500,114
2024-12-07,87,123,71,28,500,154
2024-12-08,94,121,68,29,500,136
2024-12-09,88,118,73,28,500,143
2024-12-10,93,111,72,28,500,146
2024-12-11,93,115,75,27,500,127
2024-12-12,90,130,77,28,500,132
2024-12-13,93,115,68,29,500,139
2024-12-14,88,124,74,30,500,115
2024-12-15,93,124,76,28,500,125
2024-12-16,96,118,76,31,500,137
2024-12-17,89,115,75,28,500,133
2024-12-18,90,125,70,26,500,136
2024-12-19,98,119,81,27,500,134
2024-12-20,87,115,81,27,500,131
2024-12-21,91,133,76,29,500,142
2024-12-22,95,124,70,30,500,124
2024-12-23,97,130,77,27,500,121
2024-12-24,89,105,77,25,500,155
2024-12-25,88,124,74,26,500,140
2024-12-26,101,119,81,29,500,128
2024-12-27,95,118,81,30,500,144
2024-12-28,96,128,81,29,500,146
2024-12-29,103,120,82,28,500,143
2024-12-30,98,133,78,29,500,162
2024-12-31,94,114,75,31,500,145
